login,full_name,created_at,stargazers_count,watchers_count,language,has_projects,has_wiki,license_name
vczh,vczh/asm-dom,2020-10-07T16:45:01Z,1,1,,True,True,other
vczh,vczh/Dark-Souls-III-Cheat-Engine-Guide,2018-01-22T14:29:35Z,3,3,AutoIt,True,True,
vczh,vczh/Elden-Ring-CT-TGA,2022-03-13T00:55:08Z,0,0,C,True,True,
vczh,vczh/gac,2012-05-28T11:31:39Z,471,471,,True,True,ms-pl
vczh,vczh/GacUIBlog,2021-05-26T08:45:25Z,373,373,C++,True,True,cc0-1.0
vczh,vczh/herodb,2014-09-23T09:29:54Z,199,199,C++,True,True,apache-2.0
vczh,vczh/ScreenToGif,2018-02-03T08:07:19Z,22,22,C#,True,True,ms-pl
vczh,vczh/tabler-icons,2023-02-11T06:42:57Z,1,1,HTML,True,False,mit
vczh,vczh/tinymoe,2013-12-24T14:41:18Z,924,924,C++,True,True,
vczh,vczh/vcpkg,2022-09-16T07:54:38Z,1,1,,True,True,other
vczh,vczh/vczh_toys,2014-03-27T07:29:36Z,1082,1082,C++,True,True,apache-2.0
vczh,vczh/WebsitePlayground,2019-09-10T08:55:37Z,15,15,TypeScript,True,True,apache-2.0
bradfitz,bradfitz/2014-talks,2014-04-26T17:55:05Z,0,0,Objective-C,True,True,cc0-1.0
bradfitz,bradfitz/Adv360-Pro-ZMK,2023-11-10T16:57:08Z,1,1,Makefile,True,True,mit
bradfitz,bradfitz/android-garage-opener,2008-11-16T19:33:09Z,83,83,Java,True,True,apache-2.0
bradfitz,bradfitz/android-squeezer,2009-08-11T21:09:54Z,34,34,Java,True,False,
bradfitz,bradfitz/aoc,2023-12-01T03:43:58Z,7,7,Go,True,True,
bradfitz,bradfitz/art,2020-07-17T03:51:38Z,57,57,Go,True,True,mit
bradfitz,bradfitz/autocertdelegate,2019-12-25T04:28:47Z,247,247,Go,True,True,bsd-3-clause
bradfitz,bradfitz/barlogalights,2023-04-01T04:06:29Z,3,3,Go,True,True,
bradfitz,bradfitz/batt,2012-04-18T02:56:39Z,7,7,Go,True,True,
bradfitz,bradfitz/brackup-gae-server,2009-12-16T02:04:48Z,6,6,Python,True,True,
bradfitz,bradfitz/campher,2011-05-07T15:43:37Z,137,137,Go,True,False,
bradfitz,bradfitz/candysim,2021-11-29T01:44:06Z,10,10,Go,True,True,bsd-3-clause
bradfitz,bradfitz/ceph,2018-07-03T02:07:39Z,2,2,C++,True,False,other
bradfitz,bradfitz/contributing,2010-03-14T17:09:04Z,45,45,Python,True,True,
bradfitz,bradfitz/cue,2021-05-03T02:45:05Z,1,1,,True,True,apache-2.0
bradfitz,bradfitz/deadbeef,2014-04-06T19:17:12Z,111,111,,True,True,
bradfitz,bradfitz/democgoalloc,2023-03-20T18:00:33Z,2,2,Go,True,True,
bradfitz,bradfitz/deppath,2023-07-20T15:39:22Z,5,5,Go,True,True,bsd-2-clause
bradfitz,bradfitz/developers.home-assistant,2018-06-19T02:19:25Z,0,0,JavaScript,True,True,other
bradfitz,bradfitz/dhcp,2022-12-13T16:54:55Z,0,0,,True,True,bsd-3-clause
bradfitz,bradfitz/eight22er,2012-07-17T22:57:18Z,6,6,Go,True,True,
bradfitz,bradfitz/embiggen-disk,2018-07-27T19:25:51Z,474,474,Go,True,True,other
bradfitz,bradfitz/exp-httpclient,2018-09-10T16:14:09Z,584,584,Go,False,False,
bradfitz,bradfitz/fbstatus,2023-04-03T22:32:52Z,0,0,,True,False,apache-2.0
bradfitz,bradfitz/fotobilder-spiegel,2010-12-01T01:41:03Z,2,2,Go,True,True,bsd-2-clause
bradfitz,bradfitz/fswebcam,2024-01-10T19:22:32Z,1,1,,True,True,gpl-2.0
bradfitz,bradfitz/fw-test-agent,2023-12-09T16:10:34Z,5,5,Go,True,True,
bradfitz,bradfitz/gce,2014-08-01T22:58:44Z,13,13,Go,True,True,other
bradfitz,bradfitz/gitbrute,2014-04-06T19:36:50Z,383,383,Go,True,True,
bradfitz,bradfitz/gitutil,2014-12-30T03:47:08Z,49,49,Go,True,True,bsd-3-clause
bradfitz,bradfitz/go,2019-11-08T02:54:47Z,3,3,,True,True,bsd-3-clause
bradfitz,bradfitz/go-bluesky,2023-04-29T15:49:15Z,0,0,,True,True,bsd-3-clause
bradfitz,bradfitz/go-car,2023-05-04T03:38:38Z,0,0,,True,False,other
bradfitz,bradfitz/go-cmp,2019-10-28T17:15:35Z,2,2,Go,True,True,bsd-3-clause
bradfitz,bradfitz/go-get-proxy,2012-04-03T18:52:54Z,13,13,Go,True,True,
bradfitz,bradfitz/go-github,2017-03-16T04:43:16Z,0,0,Go,True,False,other
bradfitz,bradfitz/go-issue-mirror,2016-08-08T22:36:33Z,24,24,,True,True,
bradfitz,bradfitz/go-mirror-test,2016-07-16T21:48:49Z,0,0,Go,True,True,bsd-3-clause
bradfitz,bradfitz/go-mod-archiver-test,2021-05-24T17:24:22Z,4,4,Go,True,True,
bradfitz,bradfitz/go-runas,2011-04-22T18:43:07Z,12,12,Go,True,True,
bradfitz,bradfitz/go-smtpd,2012-07-17T23:21:00Z,212,212,Go,True,True,bsd-3-clause
bradfitz,bradfitz/go-sql-test,2012-01-11T21:39:49Z,132,132,Go,True,True,
bradfitz,bradfitz/go-test-bug-repro,2023-05-04T18:07:57Z,1,1,Go,True,True,
bradfitz,bradfitz/go-tool-cache,2023-04-24T20:19:52Z,88,88,Go,True,True,bsd-3-clause
bradfitz,bradfitz/go4,2016-02-07T22:35:06Z,20,20,Go,True,True,apache-2.0
bradfitz,bradfitz/goimports,2013-06-01T13:08:45Z,1033,1033,Go,True,False,bsd-3-clause
bradfitz,bradfitz/gokrazy,2023-04-04T03:54:26Z,0,0,,True,False,bsd-3-clause
bradfitz,bradfitz/gokrazy-tools,2023-04-04T04:01:04Z,0,0,,True,False,bsd-3-clause
bradfitz,bradfitz/gokrazy-wifi,2023-04-02T18:43:20Z,0,0,Go,True,False,other
bradfitz,bradfitz/goman,2010-12-19T02:44:58Z,24,24,Go,True,True,
bradfitz,bradfitz/gomemcache,2011-06-28T19:29:12Z,1754,1754,Go,True,True,apache-2.0
bradfitz,bradfitz/google-api-go-client,2020-07-14T15:20:07Z,1,1,,True,False,bsd-3-clause
bradfitz,bradfitz/gopickgo,2024-04-06T23:02:08Z,7,7,Go,True,True,bsd-2-clause
bradfitz,bradfitz/gotools,2020-03-02T22:30:09Z,0,0,,True,False,bsd-3-clause
bradfitz,bradfitz/gotsync,2010-05-02T21:37:29Z,15,15,Go,True,True,bsd-3-clause
bradfitz,bradfitz/govmomi,2016-08-26T23:44:02Z,1,1,Go,True,True,apache-2.0
bradfitz,bradfitz/grpc-go,2016-01-28T19:27:03Z,15,15,Go,True,False,bsd-3-clause
bradfitz,bradfitz/grpc-go16-demo,2016-01-09T21:55:07Z,14,14,Protocol Buffer,True,True,
bradfitz,bradfitz/gvisor,2021-11-01T15:15:16Z,4,4,,True,False,apache-2.0
bradfitz,bradfitz/h2slam,2022-03-24T18:17:42Z,29,29,Go,True,True,
bradfitz,bradfitz/homelab,2018-07-02T16:43:07Z,1891,1891,,True,True,
bradfitz,bradfitz/http2,2014-07-15T21:31:33Z,1716,1716,Go,True,True,other
bradfitz,bradfitz/hubbub-hub,2009-06-21T16:05:29Z,18,18,Perl,True,True,
bradfitz,bradfitz/inboxfewer,2015-11-13T16:00:45Z,56,56,Go,True,True,bsd-3-clause
bradfitz,bradfitz/indigo,2023-04-27T16:39:53Z,0,0,,True,False,other
bradfitz,bradfitz/ip2asn,2020-05-06T16:04:31Z,20,20,Go,True,True,bsd-3-clause
bradfitz,bradfitz/issue-tracker-behaviors,2023-07-08T15:53:31Z,641,641,,True,True,
bradfitz,bradfitz/issue735583,2021-10-23T17:46:16Z,3,3,Go,True,True,
bradfitz,bradfitz/issuemirror,2016-08-09T18:21:39Z,4,4,Go,True,True,bsd-3-clause
bradfitz,bradfitz/iter,2014-01-24T04:11:58Z,296,296,Go,True,True,bsd-3-clause
bradfitz,bradfitz/jndi,2021-12-11T04:14:34Z,268,268,Go,True,True,
bradfitz,bradfitz/k9sms,2008-12-14T20:31:33Z,3,3,,True,True,
bradfitz,bradfitz/latlong,2014-07-08T21:12:16Z,384,384,Go,True,True,apache-2.0
bradfitz,bradfitz/lesser,2020-06-14T23:28:30Z,78,78,Go,True,True,bsd-3-clause
bradfitz,bradfitz/lingobingo,2023-05-26T19:48:54Z,7,7,Go,True,True,
bradfitz,bradfitz/litecmp,2020-12-18T17:18:43Z,18,18,Go,True,True,bsd-3-clause
bradfitz,bradfitz/livejournal,2018-03-01T21:55:07Z,1,1,Perl,True,True,other
bradfitz,bradfitz/LogJam,2021-10-02T05:26:17Z,0,0,,True,True,gpl-2.0
bradfitz,bradfitz/macdriver,2021-04-14T00:53:51Z,1,1,,True,True,mit
bradfitz,bradfitz/memcached,2008-10-15T04:06:02Z,9,9,C,True,True,bsd-3-clause
bradfitz,bradfitz/metallb,2018-08-17T15:02:11Z,0,0,CSS,True,False,apache-2.0
bradfitz,bradfitz/minimal-qemu-linux,2018-08-02T02:46:45Z,22,22,Go,True,True,
bradfitz,bradfitz/mitsubishi2MQTT,2023-03-31T04:04:24Z,0,0,,True,True,lgpl-2.1
bradfitz,bradfitz/mliezun.github.io,2023-12-31T04:43:15Z,2,2,Python,True,True,
bradfitz,bradfitz/morph,2022-01-10T23:34:31Z,1,1,,True,True,mit
bradfitz,bradfitz/morskoyboy,2015-08-13T11:55:54Z,9,9,Go,True,True,
bradfitz,bradfitz/native,2022-12-13T03:07:40Z,0,0,,True,True,mit
bradfitz,bradfitz/netlink,2021-10-29T03:32:12Z,0,0,,True,True,apache-2.0
bradfitz,bradfitz/nix-pills,2022-01-11T22:14:13Z,0,0,,True,False,cc-by-sa-4.0
bradfitz,bradfitz/nixpkgs,2022-01-09T03:51:26Z,0,0,,True,False,mit
bradfitz,bradfitz/nushell.github.io,2023-09-18T18:57:34Z,1,1,,True,True,mit
bradfitz,bradfitz/oauth2,2014-12-03T02:22:47Z,1,1,Go,True,True,bsd-3-clause
bradfitz,bradfitz/openresolv,2022-12-26T17:33:51Z,2,2,Shell,True,False,bsd-2-clause
bradfitz,bradfitz/perl-denon-avr-4806,2008-11-27T22:20:56Z,4,4,,True,True,
bradfitz,bradfitz/perl-net-openid,2008-05-01T03:31:56Z,4,4,,True,True,
bradfitz,bradfitz/powerview,2016-01-16T18:34:14Z,14,14,Go,True,True,bsd-3-clause
bradfitz,bradfitz/qemu-guest-kragent,2023-04-02T05:20:36Z,17,17,Go,True,True,bsd-3-clause
bradfitz,bradfitz/qopher,2013-05-22T18:36:03Z,18,18,Go,True,True,bsd-3-clause
bradfitz,bradfitz/remserial-mirror,2018-08-15T22:53:50Z,5,5,C,True,True,
bradfitz,bradfitz/rfbgo,2011-12-19T03:31:23Z,75,75,Go,True,True,apache-2.0
munificent,munificent/a-turn-based-game-loop,2014-08-02T23:08:42Z,28,28,Dart,True,True,other
munificent,munificent/amaranth,2016-02-26T17:45:47Z,120,120,C#,True,True,other
munificent,munificent/bantam,2011-03-18T01:11:49Z,313,313,Java,True,True,other
munificent,munificent/bits,2015-09-11T21:04:03Z,9,9,HTML,True,True,
munificent,munificent/bramble-dotnet,2016-02-26T17:38:34Z,17,17,C#,True,True,other
munificent,munificent/bulfinch,2011-12-29T07:11:37Z,20,20,Java,True,True,other
munificent,munificent/craftinginterpreters,2017-01-15T19:46:57Z,8977,8977,HTML,True,True,other
munificent,munificent/dart-embedding-example,2021-11-30T05:05:11Z,1,1,C++,True,True,
munificent,munificent/dart-status-file-sublime,2017-09-14T20:12:14Z,0,0,,True,True,
munificent,munificent/dep-external-libraries,2015-03-11T01:56:02Z,8,8,Dart,True,True,
munificent,munificent/dep-interface-libraries,2015-09-10T22:14:01Z,2,2,,True,True,
munificent,munificent/finch,2010-07-25T17:27:55Z,241,241,C++,True,True,other
munificent,munificent/format-flutter,2023-06-16T22:18:31Z,1,1,Dart,True,True,
munificent,munificent/format-requests,2023-06-22T20:53:20Z,0,0,Dart,True,True,
munificent,munificent/format-sample,2023-08-14T23:33:44Z,0,0,Dart,True,True,
munificent,munificent/fov,2015-09-07T17:57:36Z,21,21,Dart,True,True,other
munificent,munificent/gallery-constructors,2023-08-17T22:31:52Z,1,1,Dart,True,True,
munificent,munificent/game-programming-patterns,2013-07-13T16:38:35Z,4137,4137,HTML,True,True,other
munificent,munificent/gcc,2023-01-28T22:28:17Z,1,1,,True,True,gpl-2.0
munificent,munificent/grpc-dart,2018-07-13T23:11:17Z,1,1,Dart,True,True,apache-2.0
munificent,munificent/hauberk,2014-07-07T19:12:22Z,2011,2011,Dart,True,True,other
munificent,munificent/jasic,2010-07-25T18:20:20Z,150,150,Java,True,True,other
munificent,munificent/journal,2011-08-15T15:18:43Z,101,101,HTML,True,True,
munificent,munificent/lark,2010-07-25T18:14:36Z,59,59,Java,True,True,other
munificent,munificent/linkedlist,2010-12-18T23:52:01Z,4,4,Go,True,True,other
munificent,munificent/lisp2-gc,2014-11-20T15:54:42Z,38,38,C,True,True,other
munificent,munificent/macro_prototype,2021-06-10T22:36:53Z,0,0,Dart,True,True,bsd-3-clause
munificent,munificent/magpie,2009-01-14T23:19:57Z,360,360,Python,True,True,other
munificent,munificent/magpie-csharp,2012-11-05T15:09:04Z,3,3,C#,True,True,other
munificent,munificent/magpie-optionally-typed,2012-11-05T15:52:15Z,3,3,C#,True,True,other
munificent,munificent/malison,2014-07-17T03:23:42Z,74,74,Dart,True,True,other
munificent,munificent/malison-dotnet,2016-02-26T17:42:55Z,36,36,C#,True,True,other
munificent,munificent/mark-sweep,2013-12-08T20:02:25Z,723,723,C,True,True,other
munificent,munificent/markymark,2016-11-19T00:41:58Z,25,25,Dart,True,True,other
munificent,munificent/module_scrape,2021-07-13T21:33:30Z,1,1,Dart,True,True,bsd-3-clause
munificent,munificent/multipleinheritance.js,2011-02-22T01:48:57Z,6,6,JavaScript,True,True,other
munificent,munificent/pattern_matching,2021-10-05T14:57:17Z,18,18,C#,True,True,other
munificent,munificent/piecemeal,2014-07-17T03:08:53Z,52,52,Dart,True,True,other
munificent,munificent/rooms-and-mazes,2014-12-22T03:02:01Z,137,137,Dart,True,True,other
munificent,munificent/settings,2012-10-17T23:35:31Z,5,5,Shell,True,True,
munificent,munificent/support,2010-07-25T18:22:22Z,1,1,,True,True,
munificent,munificent/temp-flutter-examples,2023-07-14T18:18:47Z,2,2,Dart,True,True,
munificent,munificent/temp_flutter_format,2024-09-05T19:58:49Z,0,0,Dart,True,True,
munificent,munificent/temp_primary_constructors,2024-07-03T23:45:29Z,7,7,Dart,True,True,
munificent,munificent/ui-as-code,2018-06-07T00:43:27Z,121,121,Dart,True,True,bsd-3-clause
munificent,munificent/vigil,2013-01-03T08:05:26Z,2901,2901,Python,True,True,
munificent,munificent/wren-atom,2016-02-26T15:29:21Z,4,4,CoffeeScript,True,True,other
munificent,munificent/wren-sublime,2015-06-29T23:14:37Z,6,6,,True,True,mit
munificent,munificent/wrenalyzer,2015-12-07T15:48:47Z,44,44,,True,True,mit
tenderlove,tenderlove/aarch64,2022-03-16T23:43:16Z,67,67,Ruby,True,True,apache-2.0
tenderlove,tenderlove/activerecord-sqlserver-adapter,2011-01-17T16:57:42Z,2,2,Ruby,True,True,mit
tenderlove,tenderlove/active_record_has_many_remotely_through,2019-04-25T17:25:09Z,0,0,Ruby,True,True,mit
tenderlove,tenderlove/acts-as-taggable-on,2012-12-18T21:48:29Z,0,0,Ruby,True,True,mit
tenderlove,tenderlove/adequatehq.com,2011-08-23T21:14:09Z,17,17,,True,True,
tenderlove,tenderlove/allocation_sampler,2018-08-06T23:56:13Z,16,16,C,False,False,
tenderlove,tenderlove/allocation_tracer,2014-06-22T23:58:22Z,1,1,C,True,True,mit
tenderlove,tenderlove/analog-terminal-bell,2020-08-30T19:45:47Z,484,484,OpenSCAD,True,True,mit
tenderlove,tenderlove/anytrouble,2018-09-10T23:08:52Z,0,0,Ruby,True,True,
tenderlove,tenderlove/aoc,2017-12-02T20:52:12Z,4,4,Scheme,True,True,
tenderlove,tenderlove/arel,2010-08-04T18:33:22Z,4,4,Ruby,True,True,
tenderlove,tenderlove/arghhh,2015-07-06T22:02:38Z,19,19,Ruby,True,True,
tenderlove,tenderlove/array_bug,2016-01-11T16:15:37Z,0,0,Ruby,True,True,
tenderlove,tenderlove/article,2009-12-30T02:51:49Z,4,4,,True,True,
tenderlove,tenderlove/asmrepl,2021-11-23T19:39:12Z,865,865,Ruby,False,True,apache-2.0
tenderlove,tenderlove/atmega32u4-breakout,2020-05-14T21:15:22Z,0,0,XSLT,True,True,
tenderlove,tenderlove/avr-programmer,2020-04-03T16:11:45Z,6,6,,True,True,cc0-1.0
tenderlove,tenderlove/AVR-Programming,2017-10-22T00:43:08Z,0,0,C,True,True,mit
tenderlove,tenderlove/avro,2023-03-07T23:32:36Z,0,0,,True,False,apache-2.0
tenderlove,tenderlove/av_capture,2013-12-01T00:57:32Z,68,68,Objective-C,True,True,
tenderlove,tenderlove/awkward,2010-11-13T19:49:24Z,9,9,Ruby,True,True,
tenderlove,tenderlove/bcrypt-ruby,2011-02-10T21:04:15Z,1,1,C,True,True,other
tenderlove,tenderlove/benchmark-ips,2016-04-01T18:18:05Z,0,0,Ruby,True,True,
tenderlove,tenderlove/ben_string,2010-12-01T21:07:30Z,1,1,Ruby,True,True,
tenderlove,tenderlove/bert,2016-04-14T01:10:06Z,0,0,Ruby,True,True,mit
tenderlove,tenderlove/betabrite,2008-06-02T04:44:38Z,14,14,Ruby,True,True,mit
tenderlove,tenderlove/betachat,2008-11-25T05:28:00Z,2,2,,True,True,
tenderlove,tenderlove/big-7seg-breakout,2020-07-28T16:08:13Z,0,0,OpenSCAD,True,True,
tenderlove,tenderlove/blogsite,2022-09-24T00:02:10Z,4,4,Ruby,True,True,
tenderlove,tenderlove/blogsite2,2022-09-23T00:05:25Z,0,0,Ruby,True,True,
tenderlove,tenderlove/blurhash,2023-01-04T02:00:22Z,0,0,,True,False,mit
tenderlove,tenderlove/boost-gauge,2021-01-03T21:30:19Z,2,2,OpenSCAD,True,True,
tenderlove,tenderlove/bootsnap,2017-08-04T17:48:19Z,0,0,Ruby,True,True,mit
tenderlove,tenderlove/bundler,2013-04-24T00:33:45Z,0,0,Ruby,True,True,mit
tenderlove,tenderlove/bussy,2008-10-14T02:56:27Z,4,4,Objective-C,True,True,
tenderlove,tenderlove/busted,2009-02-06T04:39:19Z,3,3,Ruby,True,True,
tenderlove,tenderlove/camera-clicker,2023-06-29T22:10:39Z,4,4,C,False,False,apache-2.0
tenderlove,tenderlove/capybara,2009-12-30T04:26:45Z,1,1,Ruby,True,True,
tenderlove,tenderlove/cfp-app,2019-03-13T18:17:26Z,0,0,Ruby,True,True,mit
tenderlove,tenderlove/charlock_holmes,2019-08-07T18:35:51Z,0,0,Ruby,True,True,mit
tenderlove,tenderlove/chatty,2012-07-21T22:35:57Z,5,5,Ruby,True,True,
tenderlove,tenderlove/ChibiOS,2020-10-01T21:12:43Z,0,0,,True,True,gpl-3.0
tenderlove,tenderlove/chicken-avcapture,2013-12-14T23:13:34Z,0,0,Scheme,True,True,
tenderlove,tenderlove/chicken-blink,2013-04-23T01:19:11Z,3,3,Scheme,True,True,
tenderlove,tenderlove/chicken-opencv,2013-12-28T23:43:55Z,3,3,Scheme,True,True,
tenderlove,tenderlove/chicken-phash,2013-12-19T22:28:43Z,0,0,Scheme,True,True,
tenderlove,tenderlove/chicken-usb,2013-04-18T19:09:30Z,2,2,Scheme,True,True,
tenderlove,tenderlove/chicken-yaml,2013-04-17T04:05:04Z,15,15,Scheme,True,True,
tenderlove,tenderlove/chruby-fish,2021-01-30T00:01:47Z,2,2,,True,False,mit
tenderlove,tenderlove/chunky_png,2020-12-04T22:27:47Z,0,0,,True,True,mit
tenderlove,tenderlove/compiler,2011-09-11T00:25:34Z,7,7,Ruby,True,True,
tenderlove,tenderlove/concurrent-ruby,2015-02-24T18:48:13Z,3,3,Ruby,True,True,other
tenderlove,tenderlove/cool,2020-03-04T23:32:08Z,2,2,,True,True,
tenderlove,tenderlove/coolneattest,2022-03-25T19:38:21Z,2,2,,True,True,
tenderlove,tenderlove/core-plot,2015-06-15T01:39:16Z,0,0,Objective-C,True,True,bsd-3-clause
tenderlove,tenderlove/CrossCorrelation,2016-07-01T22:06:52Z,0,0,Python,True,True,
tenderlove,tenderlove/debug,2021-09-14T17:05:25Z,1,1,,True,False,bsd-2-clause
tenderlove,tenderlove/deebee,2010-01-20T04:02:22Z,5,5,C,True,True,
tenderlove,tenderlove/default_value_for,2014-12-09T23:03:35Z,0,0,Ruby,True,True,mit
tenderlove,tenderlove/defrost,2021-11-06T01:47:20Z,42,42,Ruby,True,False,apache-2.0
tenderlove,tenderlove/dejour,2008-06-04T23:52:26Z,22,22,Ruby,True,True,
tenderlove,tenderlove/devise,2013-08-11T05:34:20Z,0,0,Ruby,True,True,mit
tenderlove,tenderlove/dnssd,2009-08-05T22:05:58Z,173,173,Ruby,True,True,
tenderlove,tenderlove/dogstatsd-ruby,2020-03-30T21:53:15Z,0,0,,True,False,mit
tenderlove,tenderlove/dom-test-suite,2008-08-23T17:47:56Z,6,6,Java,True,True,
tenderlove,tenderlove/dot_vim,2008-09-09T20:21:02Z,45,45,Vim Script,True,True,
tenderlove,tenderlove/ds9,2015-06-30T21:39:12Z,80,80,C,True,True,
tenderlove,tenderlove/dwarf-consts,2020-01-06T00:04:16Z,4,4,,True,True,mit
tenderlove,tenderlove/e-zine,2015-09-26T21:01:29Z,7,7,,True,True,mit
tenderlove,tenderlove/earworm,2008-08-01T23:52:45Z,26,26,Ruby,True,True,
tenderlove,tenderlove/elefaint,2013-05-20T23:12:37Z,3,3,Ruby,True,True,
tenderlove,tenderlove/elefont,2016-02-11T18:58:18Z,0,0,Ruby,True,True,
tenderlove,tenderlove/encodings-are-neat,2020-03-04T18:07:02Z,3,3,,True,True,
tenderlove,tenderlove/enterprise,2009-06-18T00:34:52Z,155,155,Ruby,True,True,
tenderlove,tenderlove/escape_utils,2016-04-13T00:25:05Z,0,0,C,True,False,mit
tenderlove,tenderlove/esp-nimble-cpp,2022-08-18T23:32:39Z,0,0,C++,True,True,apache-2.0
tenderlove,tenderlove/esp-open-sdk,2019-06-05T22:36:07Z,0,0,Makefile,True,True,
tenderlove,tenderlove/ESP32-NimBLE-Keyboard,2022-08-20T19:33:34Z,2,2,C++,True,True,
tenderlove,tenderlove/esp8266aq,2019-09-03T16:10:54Z,216,216,C++,True,True,other
tenderlove,tenderlove/execjs,2011-12-05T19:13:52Z,2,2,Ruby,True,False,mit
tenderlove,tenderlove/faker,2011-01-22T01:47:35Z,2,2,JavaScript,True,True,mit
tenderlove,tenderlove/ffi,2017-02-28T22:50:22Z,0,0,Ruby,True,True,bsd-3-clause
tenderlove,tenderlove/fibur,2011-12-19T18:06:42Z,78,78,Ruby,True,True,
tenderlove,tenderlove/fiddle,2021-09-23T20:09:53Z,0,0,,True,False,bsd-2-clause
tenderlove,tenderlove/fisk,2021-02-24T20:13:04Z,299,299,Ruby,True,True,apache-2.0
tenderlove,tenderlove/fog-core,2015-03-19T22:25:46Z,0,0,Ruby,True,True,mit
tenderlove,tenderlove/FrameworkBenchmarks,2013-11-02T00:16:42Z,0,0,PHP,True,True,bsd-3-clause
tenderlove,tenderlove/fridge,2014-01-20T01:06:29Z,1,1,C,True,True,
tenderlove,tenderlove/fsmjs,2011-10-05T21:56:31Z,14,14,,True,True,
tenderlove,tenderlove/gcr,2018-03-26T22:28:45Z,0,0,Ruby,True,True,mit
tenderlove,tenderlove/gda,2012-07-14T21:02:38Z,68,68,C,True,True,
tenderlove,tenderlove/geera,2010-04-02T21:00:21Z,20,20,Ruby,True,True,
tenderlove,tenderlove/gel-1,2019-04-19T04:52:42Z,2,2,Ruby,True,True,mit
tenderlove,tenderlove/gem_survey,2015-05-08T21:01:18Z,41,41,Ruby,True,True,mit
tenderlove,tenderlove/git.ruby-lang.org,2022-12-15T16:44:19Z,0,0,,True,False,other
tenderlove,tenderlove/glut,2016-01-21T02:06:41Z,0,0,C,True,True,mit
tenderlove,tenderlove/gmc,2017-05-31T15:40:21Z,1,1,Ruby,True,True,
tenderlove,tenderlove/go,2020-01-14T17:07:22Z,0,0,,True,True,other
tenderlove,tenderlove/graphics,2016-01-13T02:50:32Z,0,0,C++,True,True,
tenderlove,tenderlove/graphql-bench,2023-08-14T21:44:56Z,4,4,Ruby,True,False,apache-2.0
ahmetb,ahmetb/amp-by-example,2018-01-12T18:24:22Z,0,0,HTML,True,True,apache-2.0
ahmetb,ahmetb/apimachinery,2024-01-26T18:23:56Z,0,0,,True,True,apache-2.0
ahmetb,ahmetb/appdatapreferences-localstorage,2013-10-12T02:42:48Z,0,0,JavaScript,True,True,apache-2.0
ahmetb,ahmetb/awesome-cloudrun,2019-04-09T18:29:55Z,2,2,,True,True,
ahmetb,ahmetb/awesome-grpc,2018-08-08T20:08:37Z,3,3,,True,True,cc-by-4.0
ahmetb,ahmetb/azure-quickstart-templates,2015-06-04T22:45:49Z,1,1,Shell,True,False,mit
ahmetb,ahmetb/azure-sdk-for-go,2014-11-07T22:04:53Z,2,2,Go,True,True,
ahmetb,ahmetb/azurefs,2012-05-31T14:07:08Z,70,70,Python,True,True,
ahmetb,ahmetb/baklava,2020-10-30T07:39:52Z,65,65,Go,True,True,
ahmetb,ahmetb/bank-of-anthos,2020-04-14T23:53:08Z,2,2,,True,True,apache-2.0
ahmetb,ahmetb/blobmetadb,2014-03-09T23:06:48Z,3,3,C#,True,True,apache-2.0
ahmetb,ahmetb/blog-docker,2015-09-09T04:31:09Z,1,1,Nginx,True,True,wtfpl
ahmetb,ahmetb/brew,2018-08-15T17:10:24Z,0,0,Ruby,True,False,bsd-2-clause
ahmetb,ahmetb/build,2018-09-10T17:48:25Z,1,1,Go,True,False,apache-2.0
ahmetb,ahmetb/ccat,2017-05-12T16:55:12Z,0,0,Go,True,True,mit
ahmetb,ahmetb/cel-spec,2017-12-02T01:35:23Z,0,0,,True,False,apache-2.0
ahmetb,ahmetb/cert-manager,2017-10-17T17:04:45Z,1,1,Go,True,True,apache-2.0
ahmetb,ahmetb/certificate-init-container,2017-06-01T21:21:07Z,0,0,Go,True,True,apache-2.0
ahmetb,ahmetb/charts,2017-10-05T22:44:38Z,0,0,Smarty,True,True,apache-2.0
ahmetb,ahmetb/checkout,2019-08-15T00:40:17Z,0,0,,True,True,mit
ahmetb,ahmetb/client-go,2017-03-15T23:32:52Z,0,0,Go,True,True,apache-2.0
ahmetb,ahmetb/cloud-builders,2017-03-15T18:09:50Z,1,1,Go,True,False,apache-2.0
ahmetb,ahmetb/cloud-builders-community,2018-03-09T02:38:59Z,2,2,Shell,True,False,apache-2.0
ahmetb,ahmetb/cloud-code-samples,2019-04-03T17:04:54Z,1,1,Java,True,True,other
ahmetb,ahmetb/cloud-run-button,2019-05-28T21:35:57Z,7,7,Go,True,False,apache-2.0
ahmetb,ahmetb/cloud-run-button-1,2019-05-30T01:02:54Z,1,1,Dockerfile,True,False,
ahmetb,ahmetb/cloud-run-deploy-via-api-go,2021-04-28T20:06:04Z,18,18,Go,True,True,apache-2.0
ahmetb,ahmetb/cloud-run-faq,2019-04-13T21:34:28Z,2318,2318,Shell,False,False,cc-by-4.0
ahmetb,ahmetb/cloud-run-hello,2019-08-22T22:58:13Z,3,3,HTML,True,False,apache-2.0
ahmetb,ahmetb/cloud-run-iap-terraform-demo,2021-04-21T17:59:02Z,71,71,HCL,True,True,
ahmetb,ahmetb/cloud-run-multi-region-terraform,2020-11-18T23:38:02Z,80,80,HCL,True,True,apache-2.0
ahmetb,ahmetb/cloud-run-release-operator,2020-06-30T21:21:58Z,2,2,Go,True,False,apache-2.0
ahmetb,ahmetb/cloud-run-samples,2020-01-15T01:15:41Z,1,1,,True,False,apache-2.0
ahmetb,ahmetb/cloud-run-static-outbound-ip,2019-07-24T17:09:54Z,29,29,Python,True,True,apache-2.0
ahmetb,ahmetb/cloud-run-travisci,2019-04-22T03:43:18Z,54,54,Python,False,False,apache-2.0
ahmetb,ahmetb/cloud-sdk-docker,2017-04-26T20:21:21Z,1,1,Shell,True,True,apache-2.0
ahmetb,ahmetb/cloudbowl-microservice-game,2020-03-20T18:45:09Z,0,0,,True,False,apache-2.0
ahmetb,ahmetb/cloudrun-iamviz,2020-06-11T19:57:21Z,48,48,Go,True,True,apache-2.0
ahmetb,ahmetb/cloudrun-socketio-whiteboard,2021-01-06T19:23:36Z,4,4,JavaScript,True,True,
ahmetb,ahmetb/cloudsha256,2019-08-06T23:04:18Z,0,0,Go,True,True,apache-2.0
ahmetb,ahmetb/code-snippets,2019-04-16T22:31:21Z,2,2,Python,True,True,apache-2.0
ahmetb,ahmetb/coffeelog,2017-02-14T20:56:26Z,34,34,Go,True,True,apache-2.0
ahmetb,ahmetb/colorify,2011-08-15T07:58:42Z,1,1,C#,True,True,
ahmetb,ahmetb/comcasted,2015-01-19T08:27:25Z,12,12,Python,True,True,apache-2.0
ahmetb,ahmetb/community-1,2017-04-20T17:16:00Z,1,1,Makefile,True,True,apache-2.0
ahmetb,ahmetb/container-engine-customize-fluentd,2017-10-09T22:46:10Z,1,1,Shell,True,False,apache-2.0
ahmetb,ahmetb/container-engine-samples,2017-03-27T17:23:55Z,1,1,JavaScript,True,True,apache-2.0
ahmetb,ahmetb/contrib,2018-01-09T01:56:32Z,0,0,Go,True,True,apache-2.0
ahmetb,ahmetb/controller-runtime,2024-01-05T20:30:29Z,0,0,,True,True,apache-2.0
ahmetb,ahmetb/controller-tools,2022-05-25T16:06:55Z,0,0,,True,True,apache-2.0
ahmetb,ahmetb/coredns,2018-05-18T17:52:11Z,1,1,Go,True,True,apache-2.0
ahmetb,ahmetb/coredns-grpc-backend-sample,2018-06-05T17:39:11Z,26,26,Go,True,True,apache-2.0
ahmetb,ahmetb/cosign,2021-03-11T19:41:47Z,0,0,,True,True,apache-2.0
ahmetb,ahmetb/cs352project,2011-05-02T18:35:33Z,2,2,PHP,True,True,
ahmetb,ahmetb/d3,2018-04-29T17:13:12Z,1,1,JavaScript,True,True,bsd-3-clause
ahmetb,ahmetb/dailybbble,2013-09-17T23:29:04Z,13,13,Python,True,True,
ahmetb,ahmetb/dep,2017-05-12T18:30:58Z,0,0,Go,True,True,bsd-3-clause
ahmetb,ahmetb/dlog,2017-01-04T05:02:04Z,35,35,Go,True,True,apache-2.0
ahmetb,ahmetb/docker-chocolatey,2015-03-16T06:22:05Z,12,12,PowerShell,True,True,apache-2.0
ahmetb,ahmetb/docker-provisioning-speed,2015-04-08T04:42:12Z,0,0,Shell,True,True,
ahmetb,ahmetb/docker-registry-driver-azure,2014-10-30T18:21:07Z,17,17,Python,True,True,apache-2.0
ahmetb,ahmetb/docs,2018-09-06T18:18:51Z,5,5,Go,True,False,other
ahmetb,ahmetb/dotfiles,2017-02-07T07:51:57Z,134,134,Shell,False,False,apache-2.0
ahmetb,ahmetb/etcd,2024-06-28T19:11:34Z,0,0,,True,False,apache-2.0
ahmetb,ahmetb/etcd-operator,2017-05-03T17:58:05Z,1,1,Go,True,True,apache-2.0
ahmetb,ahmetb/eventrouter,2017-10-24T22:00:06Z,2,2,Go,True,True,apache-2.0
ahmetb,ahmetb/examples,2017-05-24T17:16:38Z,1,1,Shell,True,True,apache-2.0
ahmetb,ahmetb/exdns,2020-02-18T23:38:26Z,2,2,,True,True,bsd-2-clause
ahmetb,ahmetb/explore,2018-08-17T16:31:34Z,1,1,Ruby,True,False,cc-by-4.0
ahmetb,ahmetb/exposure-notifications-verification-server,2020-12-07T23:19:30Z,1,1,,True,False,apache-2.0
ahmetb,ahmetb/flux,2017-04-30T22:40:27Z,0,0,Go,True,True,apache-2.0
ahmetb,ahmetb/flyimg,2019-10-16T16:53:09Z,0,0,,True,False,mit
ahmetb,ahmetb/foo-corp-example,2019-01-11T18:50:45Z,0,0,,True,True,
ahmetb,ahmetb/freshpod,2018-05-28T17:52:27Z,2,2,Go,True,False,apache-2.0
ahmetb,ahmetb/futuremedium-resizer,2011-12-02T22:30:39Z,3,3,Java,True,True,other
ahmetb,ahmetb/gcb-test,2018-10-16T20:36:23Z,0,0,Shell,True,True,
ahmetb,ahmetb/gen-crd-api-reference-docs,2018-12-26T19:02:58Z,305,305,Go,True,True,apache-2.0
ahmetb,ahmetb/gengo,2019-01-07T02:02:37Z,0,0,Go,True,True,apache-2.0
ahmetb,ahmetb/getting-started-java,2017-05-03T22:49:30Z,1,1,Java,True,True,apache-2.0
ahmetb,ahmetb/getting-started-python,2017-11-29T00:39:45Z,1,1,Python,True,True,apache-2.0
ahmetb,ahmetb/getting-started-ruby,2017-11-29T00:33:57Z,1,1,Ruby,True,False,apache-2.0
ahmetb,ahmetb/github-activity-recorder,2020-05-29T00:25:59Z,2,2,,True,True,
ahmetb,ahmetb/gitignore,2017-10-31T20:15:19Z,1,1,Shell,True,False,mit
ahmetb,ahmetb/gke-letsencrypt,2018-01-19T17:33:47Z,622,622,,True,True,apache-2.0
ahmetb,ahmetb/gke-serviceaccounts-initializer,2017-10-18T22:28:19Z,0,0,Go,True,False,apache-2.0
ahmetb,ahmetb/go-autorest,2015-11-11T22:21:10Z,0,0,Go,True,True,apache-2.0
ahmetb,ahmetb/go-cursor,2013-10-09T04:31:08Z,56,56,Go,True,True,apache-2.0
ahmetb,ahmetb/go-dexec,2016-03-02T06:46:09Z,431,431,Go,True,True,apache-2.0
ahmetb,ahmetb/go-httpbin,2016-07-02T21:32:14Z,123,123,Go,True,True,apache-2.0
ahmetb,ahmetb/go-linq,2013-12-19T03:05:00Z,3513,3513,Go,False,False,apache-2.0
ahmetb,ahmetb/go-websocket-chat-demo,2021-05-11T01:30:27Z,1,1,,True,True,
ahmetb,ahmetb/goclone,2015-11-25T21:32:18Z,35,35,Shell,True,True,apache-2.0
ahmetb,ahmetb/gojsonschema,2024-07-12T04:11:00Z,0,0,,True,False,
ahmetb,ahmetb/golang-samples,2017-11-29T00:23:29Z,7,7,Go,True,False,apache-2.0
ahmetb,ahmetb/goodbye,2013-05-25T23:25:26Z,83,83,Go,True,True,apache-2.0
ahmetb,ahmetb/google-cloud-go,2017-02-28T18:32:19Z,2,2,Go,True,True,apache-2.0
ahmetb,ahmetb/gophercon-ist,2021-12-17T22:42:11Z,7,7,,False,False,
ahmetb,ahmetb/govanityurls,2017-06-27T03:29:03Z,0,0,Go,True,False,apache-2.0
ahmetb,ahmetb/govvv,2016-08-02T22:30:23Z,538,538,Go,True,True,apache-2.0
ahmetb,ahmetb/grpc,2019-09-17T19:57:52Z,0,0,,True,True,apache-2.0
koush,koush/.idea,2013-08-06T22:12:09Z,1,1,,True,True,
koush,koush/5e-character-sheet,2018-01-18T22:13:31Z,3,3,Vue,True,True,
koush,koush/acme.js,2023-08-13T03:37:00Z,1,1,JavaScript,True,True,mpl-2.0
koush,koush/Adafruit_Blinka_Displayio,2022-02-08T05:00:02Z,0,0,,True,False,mit
koush,koush/adb.clockworkmod.com,2017-04-25T06:29:41Z,13,13,CSS,False,False,other
koush,koush/allcast-presskit,2015-01-10T21:10:03Z,1,1,,True,True,
koush,koush/allcast.io,2014-12-28T07:23:34Z,2,2,CSS,True,True,
koush,koush/AMD7000Controller.kext,2014-10-29T20:45:07Z,5,5,,True,True,
koush,koush/AMDRadeonX4000.kext,2014-10-29T20:56:08Z,1,1,,True,True,
koush,koush/android,2010-02-11T23:53:26Z,7,7,,True,True,
koush,koush/android-support,2014-04-15T21:40:59Z,6,6,,True,True,
koush,koush/android-support-v7-appcompat,2013-07-28T05:36:00Z,62,62,,True,True,
koush,koush/android-support-v7-mediarouter,2013-08-04T03:09:18Z,3,3,Java,True,True,
koush,koush/android-websockets,2012-05-04T07:01:31Z,974,974,Java,True,True,
koush,koush/AndroidAsync,2012-08-24T07:27:04Z,7523,7523,Java,True,False,other
koush,koush/androidmono,2009-05-11T09:39:24Z,148,148,C#,True,True,mit
koush,koush/AndroidNetworkBench,2013-05-16T04:07:59Z,23,23,Java,True,True,
koush,koush/android_bionic,2010-02-13T23:42:49Z,14,14,C,True,True,
koush,koush/android_build,2010-02-12T01:23:49Z,2,2,Java,True,True,
koush,koush/android_device_asus_tf201,2012-02-27T03:30:36Z,2,2,Python,True,True,
koush,koush/android_device_dell_streak7,2011-03-19T08:14:00Z,0,0,,True,True,
koush,koush/android_device_elocity_a7,2011-03-19T08:14:39Z,2,2,Shell,True,True,
koush,koush/android_device_endeavoru,2012-04-14T21:23:28Z,3,3,,True,True,
koush,koush/android_device_generic,2010-06-24T05:20:46Z,1,1,C,True,True,
koush,koush/android_device_htc_ace,2012-01-31T09:11:27Z,2,2,C++,True,True,
koush,koush/android_device_htc_inc,2010-06-25T00:54:34Z,14,14,C,True,True,
koush,koush/android_device_kyocera_m6000,2010-11-07T00:51:37Z,2,2,,True,False,
koush,koush/android_device_motorola_backflip,2010-11-07T16:28:25Z,1,1,C,True,True,
koush,koush/android_device_motorola_sholes,2010-06-23T23:33:26Z,18,18,Shell,True,True,
koush,koush/android_device_motorola_targa,2011-09-23T22:54:30Z,2,2,Python,True,True,
koush,koush/android_device_samsung_epic4g,2011-03-19T08:13:23Z,7,7,C,True,True,
koush,koush/android_device_samsung_galaxy5,2011-10-17T02:39:20Z,3,3,C++,True,True,
koush,koush/android_external_busybox,2010-02-13T23:46:06Z,6,6,C,True,False,other
koush,koush/android_external_yaffs2,2010-02-20T22:37:29Z,4,4,C,True,True,other
koush,koush/android_frameworks_base,2010-03-12T19:12:57Z,1,1,Java,True,True,other
koush,koush/android_packages_apps_Launcher2,2010-03-09T17:40:37Z,0,0,Java,True,True,other
koush,koush/android_packages_apps_Superuser,2010-02-12T18:19:51Z,1,1,C,True,True,
koush,koush/android_packages_wallpapers_Basic,2010-03-03T19:11:03Z,1,1,Java,True,True,other
koush,koush/android_system_core,2010-02-12T09:58:57Z,49,49,C,True,True,
koush,koush/android_vendor_acer_salsa,2010-09-22T20:05:51Z,0,0,,True,True,
koush,koush/android_vendor_cyanogen,2010-02-12T00:04:34Z,1,1,Java,True,True,
koush,koush/android_vendor_dell_streak,2010-07-03T23:21:04Z,0,0,,True,True,
koush,koush/android_vendor_google_passion,2010-02-12T19:00:32Z,1,1,C,True,True,
koush,koush/android_vendor_htc_bravo,2010-06-11T21:14:46Z,2,2,C,True,True,
koush,koush/android_vendor_htc_bravoc,2010-09-30T19:09:07Z,0,0,,True,True,
koush,koush/android_vendor_htc_buzz,2010-07-03T22:49:22Z,0,0,,True,True,
koush,koush/android_vendor_htc_desirec,2010-03-17T02:23:17Z,0,0,,True,True,
koush,koush/android_vendor_htc_espresso,2010-06-26T03:01:02Z,0,0,Shell,True,True,
koush,koush/android_vendor_htc_hero,2010-02-26T04:09:32Z,1,1,C,True,True,
koush,koush/android_vendor_htc_heroc,2010-03-13T18:33:15Z,2,2,C,True,True,
koush,koush/android_vendor_htc_inc,2010-06-14T17:35:44Z,7,7,Shell,True,True,
koush,koush/android_vendor_htc_legend,2010-07-08T01:42:16Z,1,1,,True,True,
koush,koush/android_vendor_htc_liberty,2010-06-25T18:06:35Z,0,0,,True,True,
koush,koush/android_vendor_htc_m7,2013-04-29T16:20:52Z,1,1,,True,True,
koush,koush/android_vendor_htc_magic,2009-08-24T23:20:25Z,4,4,Shell,True,True,
koush,koush/android_vendor_htc_supersonic,2010-05-29T22:17:09Z,4,4,Shell,True,True,
koush,koush/android_vendor_htc_tattoo,2010-03-13T18:34:08Z,0,0,,True,True,
koush,koush/android_vendor_huawei_pulse,2010-07-19T06:08:04Z,0,0,Shell,True,True,
koush,koush/android_vendor_huawei_pulsemini,2010-05-20T21:53:38Z,0,0,Shell,True,True,
koush,koush/android_vendor_lg_aloha,2010-08-23T22:39:14Z,0,0,Shell,True,True,
koush,koush/android_vendor_motorola_droid2,2010-08-30T21:13:35Z,0,0,C,True,True,
koush,koush/android_vendor_motorola_droidx,2010-08-13T19:13:36Z,10,10,C,True,True,
koush,koush/android_vendor_motorola_sholes,2010-02-11T06:10:37Z,17,17,Shell,True,True,
koush,koush/android_vendor_samsung_epic,2010-09-21T05:01:21Z,1,1,C,True,True,
koush,koush/android_vendor_samsung_fascinate,2010-09-21T05:00:47Z,3,3,Shell,True,True,
koush,koush/android_vendor_samsung_galaxys,2010-07-20T23:23:56Z,8,8,Shell,True,True,
koush,koush/AnyKernel,2010-04-12T18:17:17Z,214,214,Shell,True,True,
koush,koush/aokpmanifest,2013-03-15T22:45:37Z,1,1,JavaScript,True,True,
koush,koush/appengine-mapreduce,2011-08-19T19:38:19Z,1,1,Python,True,True,
koush,koush/AppleHDA.kext,2015-04-09T06:39:55Z,0,0,,True,True,
koush,koush/AppleMobileDeviceSupport,2021-06-30T17:36:06Z,38,38,,True,True,
koush,koush/AsyncTask,2011-03-15T04:26:55Z,4,4,C#,True,True,
koush,koush/ATI6000Controller.kext,2012-09-03T04:30:40Z,1,1,Perl,True,True,
koush,koush/axios-digest-auth,2021-09-22T00:24:28Z,0,0,TypeScript,True,False,unlicense
koush,koush/babel,2013-07-06T08:21:48Z,13,13,Java,True,True,
koush,koush/BionicBootstrap,2011-09-23T21:39:30Z,1,1,Java,True,True,
koush,koush/bittorrent-tracker,2020-02-03T23:50:52Z,3,3,,True,False,mit
koush,koush/bleno-mac,2020-04-08T01:31:40Z,0,0,Objective-C++,True,True,mit
koush,koush/boilerplate,2015-04-04T17:35:27Z,96,96,Java,True,True,other
koush,koush/box-android-sdk,2013-01-21T07:20:03Z,4,4,Java,True,True,
koush,koush/box-android-sdk-v2,2014-07-02T18:07:13Z,5,5,Java,True,True,apache-2.0
koush,koush/box-java-sdk-v2,2014-07-02T18:08:07Z,1,1,Java,True,True,apache-2.0
koush,koush/Broadway,2014-02-10T01:03:36Z,1,1,C,True,True,other
koush,koush/buffer,2019-12-07T00:15:18Z,0,0,JavaScript,True,False,mit
koush,koush/CarbonMac,2013-01-31T22:11:59Z,1,1,Objective-C,True,True,
koush,koush/CarbonResources,2013-01-31T22:05:58Z,11,11,,True,True,
koush,koush/cast-custom-receiver,2014-03-23T01:38:11Z,2,2,JavaScript,True,True,apache-2.0
koush,koush/Cast-Media-Player-Library-Sample,2014-03-23T01:03:38Z,0,0,,True,True,apache-2.0
koush,koush/CastAPI,2014-03-04T19:25:32Z,12,12,Java,True,True,
koush,koush/CastResources,2014-01-05T00:07:43Z,11,11,,True,True,
koush,koush/CastSite,2014-02-28T06:57:50Z,8,8,JavaScript,True,True,
koush,koush/CESetupDLLTemplate,2009-05-12T21:36:12Z,0,0,JavaScript,True,True,
koush,koush/chacha20poly1305,2023-04-01T05:53:05Z,0,0,,True,True,
koush,koush/Chips,2015-02-18T06:48:15Z,3,3,,True,True,
koush,koush/chrome-net,2020-03-22T02:39:54Z,1,1,JavaScript,True,False,mit
koush,koush/chromeadb,2014-08-24T04:34:13Z,13,13,JavaScript,True,True,other
koush,koush/Chromecast,2013-08-04T03:09:35Z,16,16,Java,True,True,
koush,koush/chromecast-java-api-v2,2018-11-21T09:18:19Z,2,2,Java,True,False,apache-2.0
koush,koush/Clear,2014-07-01T21:28:41Z,22,22,Java,True,True,
koush,koush/cling,2013-12-23T12:34:02Z,2,2,Java,True,False,
jtleek,jtleek/2018,2018-10-31T13:50:37Z,1,1,HTML,True,True,
jtleek,jtleek/ads2020,2020-05-18T00:45:46Z,74,74,CSS,True,True,
jtleek,jtleek/advdatasci,2017-08-25T10:38:16Z,23,23,HTML,True,True,
jtleek,jtleek/advdatasci-project,2017-11-20T18:33:29Z,2,2,HTML,True,True,
jtleek,jtleek/advdatasci-swirl,2015-12-07T17:43:53Z,4,4,HTML,True,True,
jtleek,jtleek/advdatasci15,2015-08-30T22:27:26Z,17,17,HTML,True,True,
jtleek,jtleek/advdatasci16,2016-08-17T16:08:20Z,7,7,HTML,True,True,
jtleek,jtleek/advdatasci_swirl,2016-08-24T00:44:35Z,5,5,HTML,True,True,
jtleek,jtleek/ai,2023-06-07T13:06:23Z,5,5,,True,True,
jtleek,jtleek/ballgown,2013-08-28T18:18:50Z,0,0,C++,True,True,
jtleek,jtleek/big_course,2020-04-22T20:16:02Z,0,0,,True,True,
jtleek,jtleek/bookdown-start,2016-11-30T02:05:00Z,1,1,TeX,True,True,
jtleek,jtleek/books,2020-12-10T21:42:01Z,13,13,,True,True,
jtleek,jtleek/capitalIn21stCenturyinR,2014-05-27T20:38:31Z,212,212,HTML,True,True,
jtleek,jtleek/careerplanning,2015-05-28T12:37:04Z,119,119,,True,True,
jtleek,jtleek/coc,2020-12-11T03:34:56Z,0,0,,True,True,
jtleek,jtleek/courses,2020-12-11T03:58:32Z,16,16,,True,True,
jtleek,jtleek/COVID-19,2020-03-27T10:43:35Z,1,1,,True,True,
jtleek,jtleek/crsra,2018-06-04T12:29:13Z,4,4,R,True,True,
jtleek,jtleek/cshlcg-labs,2017-11-30T10:41:31Z,6,6,,True,True,
jtleek,jtleek/data,2020-12-10T21:39:54Z,12,12,,True,True,
jtleek,jtleek/dataanalysis,2013-01-22T12:16:41Z,762,762,JavaScript,True,True,
jtleek,jtleek/datascientist,2012-06-24T14:36:20Z,10,10,R,True,True,
jtleek,jtleek/datasharing,2013-11-07T13:25:07Z,6536,6536,,True,True,
jtleek,jtleek/datawomenontwitter,2014-09-09T15:49:57Z,7,7,,True,True,
jtleek,jtleek/day1,2017-07-10T21:44:28Z,0,0,HTML,True,True,
jtleek,jtleek/derfinder,2013-07-20T16:05:59Z,0,0,R,True,True,
jtleek,jtleek/derfinder-1,2013-11-08T18:16:27Z,0,0,R,True,True,
jtleek,jtleek/DSM,2013-08-08T13:20:40Z,0,0,R,True,True,
jtleek,jtleek/EDA-Project,2013-03-12T14:46:24Z,2,2,JavaScript,True,True,
jtleek,jtleek/escalatr,2020-05-22T15:59:10Z,7,7,,True,True,
jtleek,jtleek/euclideo,2020-05-09T18:43:24Z,0,0,R,True,True,other
jtleek,jtleek/firstpaper,2015-09-17T15:17:01Z,293,293,,True,True,gpl-2.0
jtleek,jtleek/futureofstats,2013-11-21T15:07:59Z,33,33,,True,True,
jtleek,jtleek/gcd,2018-06-04T13:01:18Z,1,1,,True,True,
jtleek,jtleek/gdspi,2019-10-08T17:06:34Z,9,9,,True,True,
jtleek,jtleek/genomicspapers,2014-10-07T18:32:10Z,468,468,,True,True,
jtleek,jtleek/genstats,2015-07-13T16:55:21Z,151,151,HTML,True,True,other
jtleek,jtleek/genstats_site,2015-08-20T12:23:21Z,17,17,HTML,True,True,
jtleek,jtleek/github-slideshow,2020-08-21T11:59:23Z,0,0,Ruby,True,True,mit
jtleek,jtleek/googleCite,2013-09-03T12:48:28Z,4,4,,True,True,
jtleek,jtleek/graduate,2012-11-07T16:43:18Z,3,3,,True,True,
jtleek,jtleek/healthvis,2012-11-12T21:35:30Z,8,8,Python,True,True,
jtleek,jtleek/helm-3-6-2024,2024-03-06T15:23:24Z,1,1,,True,True,
jtleek,jtleek/hr-in-ds,2021-03-11T16:22:19Z,1,1,,True,True,
jtleek,jtleek/hyde,2014-04-25T03:59:31Z,0,0,CSS,True,False,other
jtleek,jtleek/iap,2019-07-23T14:58:51Z,1,1,R,True,True,other
jtleek,jtleek/inclassfeb62014,2014-02-06T16:13:11Z,1,1,Shell,True,True,
jtleek,jtleek/intro-ml-2018,2018-10-31T16:42:13Z,8,8,HTML,True,True,
jtleek,jtleek/jhsph-irb-research-plan-template,2020-04-19T18:34:51Z,4,4,,True,True,
jtleek,jtleek/jhsph753,2013-01-22T03:06:39Z,2,2,JavaScript,True,True,
jtleek,jtleek/jhsph753and4,2014-01-04T21:06:44Z,14,14,JavaScript,True,True,
jtleek,jtleek/jhudash,2015-09-21T00:11:42Z,0,0,,True,True,cc0-1.0
jtleek,jtleek/jhudash-refugee,2015-09-21T15:08:47Z,1,1,HTML,True,True,
jtleek,jtleek/jobs,2020-12-10T21:45:41Z,10,10,,True,True,
jtleek,jtleek/jtleek.github.io,2014-04-25T04:14:45Z,16,16,HTML,True,True,
jtleek,jtleek/langmead-lab,2015-05-28T12:35:48Z,0,0,,True,True,
jtleek,jtleek/leah,2014-03-05T16:11:46Z,0,0,,True,True,
jtleek,jtleek/leanpubdemorepo,2019-03-26T15:36:29Z,0,0,,True,True,
jtleek,jtleek/leekasso,2014-01-08T02:40:21Z,13,13,R,True,True,
jtleek,jtleek/Module1,2015-06-30T13:28:23Z,1,1,HTML,True,True,other
jtleek,jtleek/modules,2013-07-12T21:09:41Z,96,96,JavaScript,True,True,
jtleek,jtleek/MOOCtalk,2014-03-13T13:53:05Z,1,1,JavaScript,True,True,
jtleek,jtleek/mypkg,2015-12-14T18:56:54Z,0,0,R,True,True,
jtleek,jtleek/newproject,2017-08-30T18:14:23Z,1,1,,True,True,
jtleek,jtleek/new_project,2017-08-30T16:58:22Z,0,0,,True,True,
jtleek,jtleek/papr,2016-10-04T01:22:46Z,19,19,HTML,True,True,
jtleek,jtleek/polyester,2014-06-06T01:57:33Z,0,0,R,True,True,
jtleek,jtleek/portfolio,2014-01-21T13:35:16Z,1,1,,True,True,
jtleek,jtleek/practicecourse,2017-12-08T14:48:09Z,0,0,,True,True,
jtleek,jtleek/protocols,2014-08-21T20:55:43Z,12,12,HTML,True,True,
jtleek,jtleek/R-Markdown-Parallax,2019-06-17T16:58:00Z,0,0,HTML,True,True,
jtleek,jtleek/rdsmGeneSig,2013-08-15T13:16:01Z,1,1,R,True,True,
jtleek,jtleek/readingpapers,2016-02-09T18:56:30Z,480,480,,True,True,
jtleek,jtleek/replication_paper,2015-09-04T00:59:36Z,3,3,HTML,True,True,
jtleek,jtleek/reviews,2013-10-22T23:47:38Z,468,468,,True,True,gpl-2.0
jtleek,jtleek/rfitbit,2013-12-30T17:43:29Z,1,1,,True,True,
jtleek,jtleek/rmd4edu,2020-06-20T20:33:17Z,0,0,,True,True,
jtleek,jtleek/robotjeff,2017-06-13T04:17:05Z,0,0,R,True,True,
jtleek,jtleek/rpackages,2013-09-18T18:38:33Z,514,514,,True,True,
jtleek,jtleek/runs,2015-12-30T20:22:37Z,0,0,HTML,True,True,mit
jtleek,jtleek/scorcher,2023-12-15T17:36:54Z,3,3,R,True,True,other
jtleek,jtleek/simplystats,2014-12-30T20:32:06Z,6,6,R,True,True,
jtleek,jtleek/simplystats_analysis,2018-07-13T23:03:03Z,1,1,R,True,True,
jtleek,jtleek/simplystats_posts_sisbid,2018-07-13T18:15:39Z,0,0,,True,True,
jtleek,jtleek/sisbid-rstudio,2016-07-11T21:03:02Z,0,0,,True,True,
jtleek,jtleek/sisbidday2,2016-07-12T15:33:04Z,0,0,HTML,True,True,
jtleek,jtleek/sisbid_2019_practice,2019-07-15T21:17:55Z,0,0,,True,True,
jtleek,jtleek/sisbid_day2,2018-07-12T15:53:27Z,0,0,,True,True,
jtleek,jtleek/sisbid_day2_2018,2018-07-12T16:38:13Z,0,0,HTML,True,True,
jtleek,jtleek/sisg,2015-07-09T10:24:43Z,2,2,HTML,True,True,other
jtleek,jtleek/slipper,2016-12-08T21:08:11Z,118,118,R,True,True,
jtleek,jtleek/software,2020-12-11T03:55:48Z,6,6,,True,True,
jtleek,jtleek/sra-gtex,2016-05-02T19:23:09Z,0,0,R,True,True,
jtleek,jtleek/statements,2015-09-16T11:51:52Z,5,5,,True,False,other
jtleek,jtleek/sva,2015-12-30T18:18:32Z,3,3,R,True,False,
jtleek,jtleek/sva-devel,2014-06-05T02:09:23Z,28,28,R,True,True,
jtleek,jtleek/svaruv,2014-06-01T02:18:13Z,2,2,,True,True,
jtleek,jtleek/svaseq,2014-06-24T00:31:35Z,19,19,,True,True,
jtleek,jtleek/swfdr,2012-12-07T16:25:51Z,26,26,R,True,True,
awslabs,awslabs/.github,2019-02-18T19:16:46Z,3,3,,True,False,
awslabs,awslabs/adatune,2019-06-24T22:57:19Z,289,289,Python,True,False,apache-2.0
awslabs,awslabs/agent-evaluation,2024-03-19T19:58:26Z,99,99,Python,True,True,apache-2.0
awslabs,awslabs/agents-for-amazon-bedrock-blueprints,2024-06-24T17:06:58Z,15,15,TypeScript,True,True,mit-0
awslabs,awslabs/ai-powered-health-data-masking,2019-08-05T18:56:28Z,26,26,Python,True,False,mit-0
awslabs,awslabs/ai-video-super-resolution,2021-10-20T09:41:43Z,45,45,Python,True,True,apache-2.0
awslabs,awslabs/aiops-modules,2024-01-04T14:54:38Z,47,47,Python,True,True,apache-2.0
awslabs,awslabs/amazon-accessible-rl-sdk,2022-08-18T03:39:58Z,36,36,Python,True,True,apache-2.0
awslabs,awslabs/amazon-apigateway-ingress-controller,2019-03-11T18:57:04Z,113,113,Go,True,False,apache-2.0
awslabs,awslabs/amazon-app-runner-deploy,2021-10-07T22:57:17Z,50,50,TypeScript,True,True,mit-0
awslabs,awslabs/amazon-asdi,2019-10-29T20:59:27Z,81,81,Jupyter Notebook,True,True,apache-2.0
awslabs,awslabs/amazon-athena-cross-account-catalog,2019-11-26T18:41:40Z,29,29,Python,True,True,apache-2.0
awslabs,awslabs/amazon-aurora-postgres-monitoring,2020-07-15T22:47:34Z,38,38,Python,True,True,apache-2.0
awslabs,awslabs/amazon-cloudwatch-publisher,2020-01-31T00:10:18Z,28,28,Python,False,False,apache-2.0
awslabs,awslabs/amazon-denseclus,2021-08-03T23:11:08Z,93,93,Jupyter Notebook,True,True,mit-0
awslabs,awslabs/amazon-documentdb-tools,2019-03-29T00:29:52Z,124,124,Python,True,False,apache-2.0
awslabs,awslabs/amazon-dynamodb-local-samples,2023-07-19T18:28:02Z,15,15,Java,True,True,mit-0
awslabs,awslabs/amazon-dynamodb-lock-client,2017-04-12T18:27:48Z,476,476,Java,True,True,other
awslabs,awslabs/amazon-dynamodb-tools,2021-12-15T20:25:30Z,118,118,Python,False,True,apache-2.0
awslabs,awslabs/amazon-ebs-autoscale,2019-11-15T00:58:47Z,112,112,Shell,True,False,mit
awslabs,awslabs/amazon-ec2-instance-qualifier,2020-07-22T17:12:42Z,17,17,Go,False,False,apache-2.0
awslabs,awslabs/amazon-ecr-containerd-resolver,2018-07-03T23:10:10Z,97,97,Go,True,False,apache-2.0
awslabs,awslabs/amazon-ecr-credential-helper,2016-05-23T20:01:21Z,2491,2491,Go,True,False,apache-2.0
awslabs,awslabs/amazon-ecr-data-replication-hub-plugin,2020-11-24T18:45:47Z,14,14,TypeScript,True,True,
awslabs,awslabs/amazon-ecs-amazon-efs,2015-10-01T20:53:59Z,66,66,,True,False,apache-2.0
awslabs,awslabs/amazon-ecs-for-open-application-model,2020-03-11T18:21:44Z,59,59,Go,True,True,apache-2.0
awslabs,awslabs/amazon-ecs-intellisense-schema,2019-08-07T16:21:03Z,15,15,Python,True,False,apache-2.0
awslabs,awslabs/amazon-ecs-local-container-endpoints,2019-02-28T18:40:13Z,496,496,Go,True,False,apache-2.0
awslabs,awslabs/amazon-ecs-nodejs-microservices,2017-05-09T18:46:57Z,674,674,Shell,True,False,apache-2.0
awslabs,awslabs/amazon-eks-ami,2018-06-05T23:04:48Z,2441,2441,Shell,True,False,mit-0
awslabs,awslabs/amazon-eks-irsa-cfn,2020-03-30T21:59:09Z,18,18,JavaScript,False,False,apache-2.0
awslabs,awslabs/amazon-eks-serverless-drainer,2019-07-23T16:37:26Z,60,60,Shell,True,False,mit-0
awslabs,awslabs/amazon-emr-cli,2023-03-10T21:26:03Z,38,38,Python,False,False,apache-2.0
awslabs,awslabs/amazon-emr-on-eks-custom-image-cli,2021-08-19T21:29:35Z,25,25,Python,True,True,apache-2.0
awslabs,awslabs/amazon-emr-serverless-image-cli,2022-12-09T20:45:52Z,3,3,Python,True,True,apache-2.0
awslabs,awslabs/amazon-emr-user-role-mapper,2020-07-16T22:52:22Z,20,20,Java,True,True,apache-2.0
awslabs,awslabs/amazon-emr-vscode-toolkit,2022-09-06T17:34:40Z,29,29,TypeScript,True,False,apache-2.0
awslabs,awslabs/amazon-guardduty-tester,2018-02-02T17:53:07Z,340,340,TypeScript,True,False,apache-2.0
awslabs,awslabs/amazon-inspector-agent-autodeploy,2016-08-16T20:43:58Z,28,28,Python,True,False,apache-2.0
awslabs,awslabs/amazon-inspector-auto-remediate,2016-07-29T16:55:11Z,57,57,Python,True,False,apache-2.0
awslabs,awslabs/amazon-inspector-finding-forwarder,2016-07-16T02:36:58Z,39,39,Python,True,False,apache-2.0
awslabs,awslabs/amazon-kinesis-agent,2015-10-09T22:14:48Z,357,357,Java,True,False,other
awslabs,awslabs/amazon-kinesis-aggregators,2014-10-01T23:43:30Z,151,151,Java,True,False,other
awslabs,awslabs/amazon-kinesis-archiver,2015-09-17T08:28:36Z,31,31,JavaScript,True,False,apache-2.0
awslabs,awslabs/amazon-kinesis-client,2013-11-07T19:02:44Z,644,644,Java,True,False,apache-2.0
awslabs,awslabs/amazon-kinesis-client-net,2015-04-17T16:54:14Z,62,62,C#,True,False,apache-2.0
awslabs,awslabs/amazon-kinesis-client-nodejs,2015-03-10T23:35:26Z,297,297,JavaScript,True,False,apache-2.0
awslabs,awslabs/amazon-kinesis-client-python,2014-10-21T18:14:44Z,369,369,Python,True,False,apache-2.0
awslabs,awslabs/amazon-kinesis-client-ruby,2014-12-06T00:16:53Z,146,146,Ruby,True,False,apache-2.0
awslabs,awslabs/amazon-kinesis-connector-flink,2020-09-30T18:29:21Z,21,21,Java,True,False,apache-2.0
awslabs,awslabs/amazon-kinesis-connector-flink-state-migrator,2024-03-13T06:34:16Z,1,1,Java,True,True,apache-2.0
awslabs,awslabs/amazon-kinesis-data-generator,2017-03-29T19:36:09Z,200,200,JavaScript,True,False,apache-2.0
awslabs,awslabs/amazon-kinesis-producer,2015-05-26T20:37:52Z,399,399,C++,True,False,apache-2.0
awslabs,awslabs/amazon-kinesis-scaling-utils,2014-10-22T07:32:12Z,338,338,Java,True,False,apache-2.0
awslabs,awslabs/amazon-kinesis-video-streams-ice,2024-04-24T13:28:44Z,3,3,C,True,True,apache-2.0
awslabs,awslabs/amazon-kinesis-video-streams-pic,2020-01-16T20:33:40Z,49,49,C++,True,True,apache-2.0
awslabs,awslabs/amazon-kinesis-video-streams-producer-c,2020-01-16T20:33:04Z,55,55,C,True,True,apache-2.0
awslabs,awslabs/amazon-kinesis-video-streams-producer-sdk-cpp,2017-11-16T18:46:09Z,377,377,C++,True,True,apache-2.0
awslabs,awslabs/amazon-kinesis-video-streams-producer-sdk-java,2017-11-20T08:18:44Z,78,78,Java,True,False,apache-2.0
awslabs,awslabs/amazon-kinesis-video-streams-rtcp,2024-07-10T08:54:01Z,1,1,C,True,True,apache-2.0
awslabs,awslabs/amazon-kinesis-video-streams-rtp,2024-04-24T11:04:56Z,1,1,C,True,True,apache-2.0
awslabs,awslabs/amazon-kinesis-video-streams-sdp,2023-12-21T10:13:07Z,1,1,C,True,True,apache-2.0
awslabs,awslabs/amazon-kinesis-video-streams-signaling,2024-03-08T03:29:43Z,1,1,C,True,True,apache-2.0
awslabs,awslabs/amazon-kinesis-video-streams-stun,2024-02-12T17:23:47Z,4,4,C,True,True,apache-2.0
awslabs,awslabs/amazon-kinesis-video-streams-webrtc-sdk-android,2019-11-08T20:48:39Z,59,59,Java,True,True,apache-2.0
awslabs,awslabs/amazon-kinesis-video-streams-webrtc-sdk-c,2019-08-27T20:16:16Z,1034,1034,C,True,True,apache-2.0
awslabs,awslabs/amazon-kinesis-video-streams-webrtc-sdk-ios,2019-11-08T22:23:36Z,65,65,Swift,True,True,apache-2.0
awslabs,awslabs/amazon-kinesis-video-streams-webrtc-sdk-js,2019-09-14T00:49:34Z,287,287,TypeScript,True,True,apache-2.0
awslabs,awslabs/amazon-linux-instance-finder,2023-12-14T19:27:53Z,2,2,TypeScript,True,False,mit-0
awslabs,awslabs/amazon-log-agent-benchmark-tool,2020-05-05T06:18:32Z,20,20,Go,True,True,mit-0
awslabs,awslabs/amazon-lookout-for-vision-python-sdk,2021-02-25T18:52:55Z,7,7,Python,True,True,apache-2.0
awslabs,awslabs/amazon-managed-blockchain-client-templates,2019-02-07T21:21:27Z,45,45,,True,False,mit-0
awslabs,awslabs/amazon-msk-config-detector,2023-05-04T13:36:38Z,13,13,Python,True,True,apache-2.0
awslabs,awslabs/amazon-msk-data-generator,2021-08-24T20:10:22Z,13,13,Java,True,True,epl-2.0
awslabs,awslabs/amazon-neptune-tools,2018-02-14T05:13:35Z,297,297,Java,True,False,apache-2.0
awslabs,awslabs/amazon-omics-tools,2022-11-02T21:50:54Z,19,19,Python,True,True,apache-2.0
awslabs,awslabs/amazon-personalize-optimizer-using-amazon-pinpoint-events,2020-02-19T01:08:04Z,10,10,JavaScript,True,True,apache-2.0
awslabs,awslabs/amazon-pinpoint-preference-center,2020-11-10T00:04:16Z,12,12,JavaScript,True,True,apache-2.0
awslabs,awslabs/amazon-qldb-driver-dotnet,2020-01-24T00:47:08Z,9,9,C#,True,True,apache-2.0
awslabs,awslabs/amazon-qldb-driver-go,2020-02-12T19:44:18Z,22,22,Go,True,True,apache-2.0
awslabs,awslabs/amazon-qldb-driver-java,2019-10-16T00:35:29Z,13,13,Java,True,True,apache-2.0
awslabs,awslabs/amazon-qldb-driver-js,2021-06-28T19:36:13Z,2,2,TypeScript,True,True,apache-2.0
awslabs,awslabs/amazon-qldb-driver-nodejs,2019-10-15T22:36:04Z,53,53,TypeScript,True,True,apache-2.0
awslabs,awslabs/amazon-qldb-driver-python,2019-10-15T22:25:43Z,42,42,Python,True,True,apache-2.0
awslabs,awslabs/amazon-qldb-driver-rust,2020-10-05T05:15:11Z,15,15,Rust,True,True,apache-2.0
awslabs,awslabs/amazon-qldb-export-processor-java,2022-03-30T21:38:04Z,4,4,Java,True,False,mit-0
awslabs,awslabs/amazon-qldb-ledger-load-java,2022-03-30T21:32:19Z,7,7,Java,True,False,mit-0
awslabs,awslabs/amazon-qldb-shell,2020-02-06T07:51:34Z,25,25,Rust,True,True,apache-2.0
awslabs,awslabs/amazon-quicksight-embedding-sdk,2018-11-05T22:33:26Z,169,169,TypeScript,True,False,apache-2.0
awslabs,awslabs/amazon-redshift-json-schema-induction,2020-01-27T22:56:33Z,19,19,Jupyter Notebook,True,True,apache-2.0
awslabs,awslabs/amazon-redshift-monitoring,2016-04-04T17:53:08Z,268,268,Python,True,False,apache-2.0
awslabs,awslabs/amazon-redshift-utils,2014-12-09T09:29:49Z,2763,2763,Python,True,False,apache-2.0
awslabs,awslabs/amazon-s3-data-replication-hub-plugin,2020-11-05T19:01:17Z,47,47,TypeScript,True,True,apache-2.0
awslabs,awslabs/amazon-s3-find-and-forget,2020-02-07T00:07:08Z,238,238,Python,False,False,apache-2.0
awslabs,awslabs/amazon-s3-step-functions-ingestion-orchestration,2019-07-03T18:55:15Z,28,28,Python,True,False,apache-2.0
awslabs,awslabs/amazon-s3-tagging-spark-util,2020-11-19T18:34:50Z,10,10,Scala,True,True,apache-2.0
awslabs,awslabs/amazon-s3-tar-tool,2023-03-06T19:29:49Z,171,171,Go,True,True,apache-2.0
awslabs,awslabs/amazon-sagemaker-financial-product-recommender-with-graph-ml,2023-03-17T17:57:10Z,5,5,Jupyter Notebook,True,True,mit-0
awslabs,awslabs/amazon-sagemaker-inference-client,2020-10-15T03:24:12Z,19,19,JavaScript,True,True,mit-0
awslabs,awslabs/amazon-sagemaker-mlops-workshop,2019-02-28T20:35:02Z,325,325,Jupyter Notebook,True,False,mit-0
TheLarkInn,TheLarkInn/acts-as-taggable-on,2014-06-10T20:37:31Z,0,0,Ruby,True,True,mit
TheLarkInn,TheLarkInn/address-UI,2015-09-05T17:34:56Z,0,0,JavaScript,True,True,
TheLarkInn,TheLarkInn/AdmiralBulldogLive,2022-03-11T14:12:11Z,0,0,,True,True,
TheLarkInn,TheLarkInn/alias-game-night,2023-03-21T19:16:54Z,0,0,,True,True,
TheLarkInn,TheLarkInn/ama,2016-06-15T03:21:52Z,18,18,,True,False,
TheLarkInn,TheLarkInn/AnalyticsWebpackPlugin,2016-09-22T04:29:46Z,5,5,JavaScript,True,True,mit
TheLarkInn,TheLarkInn/angular,2015-01-19T18:05:34Z,0,0,TypeScript,True,True,mit
TheLarkInn,TheLarkInn/angular-cli,2016-04-15T14:01:10Z,3,3,JavaScript,True,True,mit
TheLarkInn,TheLarkInn/angular-compiler-plugin,2016-05-12T13:21:13Z,1,1,TypeScript,True,True,
TheLarkInn,TheLarkInn/angular-pipes,2016-05-02T18:25:43Z,2,2,TypeScript,True,True,mit
TheLarkInn,TheLarkInn/angular-starter-es6-webpack,2015-11-02T19:12:18Z,106,106,JavaScript,True,True,
TheLarkInn,TheLarkInn/angular-styleguide,2015-05-27T14:26:15Z,1,1,,True,False,mit
TheLarkInn,TheLarkInn/angular-testing-quick-start,2016-04-01T00:35:14Z,0,0,JavaScript,True,True,
TheLarkInn,TheLarkInn/angular-webpack-slides-ngconf-2016,2016-04-12T18:00:13Z,1,1,JavaScript,True,True,
TheLarkInn,TheLarkInn/angular.io,2016-05-13T03:25:32Z,0,0,HTML,True,True,mit
TheLarkInn,TheLarkInn/angular.js,2015-01-19T18:07:27Z,0,0,JavaScript,True,True,mit
TheLarkInn,TheLarkInn/angular2-electron,2016-03-31T02:38:09Z,0,0,TypeScript,True,True,mit
TheLarkInn,TheLarkInn/angular2-electron-playground,2016-03-31T02:36:11Z,0,0,JavaScript,True,True,
TheLarkInn,TheLarkInn/angular2-iot,2016-04-16T16:56:31Z,0,0,TypeScript,True,True,
TheLarkInn,TheLarkInn/angular2-multievent-bindings-plugin,2016-04-24T17:20:07Z,7,7,TypeScript,True,True,
TheLarkInn,TheLarkInn/angular2-seed,2016-04-04T18:10:09Z,0,0,TypeScript,True,True,mit
TheLarkInn,TheLarkInn/angular2-seed-1,2016-04-20T22:04:14Z,0,0,TypeScript,True,True,mit
TheLarkInn,TheLarkInn/angular2-seed-advanced,2016-04-02T21:57:38Z,0,0,TypeScript,True,True,mit
TheLarkInn,TheLarkInn/angular2-start-template,2016-04-15T13:50:03Z,1,1,JavaScript,True,True,mit
TheLarkInn,TheLarkInn/angular2-template-loader,2016-06-02T17:17:42Z,205,205,JavaScript,True,True,mit
TheLarkInn,TheLarkInn/angular2-universal-starter,2016-03-28T14:28:58Z,0,0,TypeScript,True,True,
TheLarkInn,TheLarkInn/angular2-webpack,2016-08-05T02:40:03Z,1,1,JavaScript,True,True,mit
TheLarkInn,TheLarkInn/angular2-webpack-lite,2016-04-21T14:31:25Z,43,43,TypeScript,True,True,mit
TheLarkInn,TheLarkInn/angular2-webpack-ngconf,2016-04-19T18:58:22Z,0,0,,True,True,
TheLarkInn,TheLarkInn/angular2-webpack-starter,2016-04-08T16:57:42Z,0,0,JavaScript,True,True,mit
TheLarkInn,TheLarkInn/angular2-webpack2,2016-04-01T01:10:08Z,0,0,JavaScript,True,True,
TheLarkInn,TheLarkInn/angular2-webpack2-seed,2016-05-16T19:04:20Z,0,0,TypeScript,True,True,mit
TheLarkInn,TheLarkInn/angular2-webpack2-starter,2016-06-07T16:05:07Z,1,1,TypeScript,True,True,apache-2.0
TheLarkInn,TheLarkInn/ansi-regex,2023-01-19T20:00:51Z,3,3,Rust,True,True,mit
TheLarkInn,TheLarkInn/apex,2016-10-15T22:01:41Z,0,0,Go,True,True,mit
TheLarkInn,TheLarkInn/artsy-webpack-tour,2017-01-31T18:05:53Z,523,523,,True,True,
TheLarkInn,TheLarkInn/awesome-typescript-loader,2016-05-12T13:20:04Z,0,0,TypeScript,True,True,other
TheLarkInn,TheLarkInn/babel,2016-12-05T16:09:26Z,0,0,JavaScript,True,True,mit
TheLarkInn,TheLarkInn/babel-plugin-dynamic-import-webpack,2016-10-28T13:22:13Z,1,1,JavaScript,True,False,mit
TheLarkInn,TheLarkInn/babel-preset-modern-node,2016-05-21T05:17:41Z,0,0,JavaScript,True,False,mit
TheLarkInn,TheLarkInn/babel-webpack-min,2016-08-17T20:51:11Z,0,0,JavaScript,True,True,
TheLarkInn,TheLarkInn/bcmarinacci.theme-material-operator-1.3.0,2017-07-18T22:59:46Z,2,2,,True,True,
TheLarkInn,TheLarkInn/better-dateinput-polyfill,2016-03-04T15:12:42Z,0,0,JavaScript,True,True,mit
TheLarkInn,TheLarkInn/bible_gateway,2014-03-17T12:28:41Z,1,1,Ruby,True,True,mit
TheLarkInn,TheLarkInn/blade,2015-07-13T20:13:55Z,1,1,JavaScript,True,True,
TheLarkInn,TheLarkInn/bolt,2018-05-05T06:27:21Z,0,0,JavaScript,True,False,mit
TheLarkInn,TheLarkInn/bootstrap,2016-01-22T18:56:42Z,1,1,JavaScript,True,True,mit
TheLarkInn,TheLarkInn/budgeting-sample-app-webpack2,2016-11-04T22:17:11Z,7,7,JavaScript,True,True,
TheLarkInn,TheLarkInn/bundle-buddy,2017-07-11T17:03:15Z,0,0,JavaScript,True,True,
TheLarkInn,TheLarkInn/bundle-buddy-webpack-plugin,2017-07-12T16:16:50Z,195,195,JavaScript,True,True,mit
TheLarkInn,TheLarkInn/bundler-performance-benchmark,2017-12-20T22:34:00Z,61,61,JavaScript,True,True,
TheLarkInn,TheLarkInn/CDA-Claim-Parser,2014-05-21T18:33:36Z,0,0,,True,True,
TheLarkInn,TheLarkInn/chancejs,2018-06-14T21:27:15Z,3,3,JavaScript,True,True,mit
TheLarkInn,TheLarkInn/CLC-Mens-Choir-Schedule,2016-09-12T21:32:59Z,0,0,,True,True,
TheLarkInn,TheLarkInn/CLC-Mens-Choir-Schedules,2016-09-12T21:32:46Z,0,0,,True,True,
TheLarkInn,TheLarkInn/code-splitting-examples,2017-06-16T04:02:31Z,28,28,JavaScript,True,True,
TheLarkInn,TheLarkInn/coflux,2016-08-24T20:29:57Z,0,0,JavaScript,True,True,
TheLarkInn,TheLarkInn/compare-webpack-target-bundles,2016-08-23T03:11:04Z,143,143,JavaScript,True,True,
TheLarkInn,TheLarkInn/create-react-app,2018-05-13T04:10:42Z,2,2,JavaScript,True,False,mit
TheLarkInn,TheLarkInn/crystal,2015-08-06T14:25:11Z,1,1,Crystal,True,True,other
TheLarkInn,TheLarkInn/ddc-loader,2016-11-09T21:18:28Z,0,0,,True,True,mit
TheLarkInn,TheLarkInn/DefinitelyTyped,2016-06-12T19:43:16Z,0,0,TypeScript,True,True,other
TheLarkInn,TheLarkInn/DiscordBot,2022-03-11T13:17:23Z,1,1,,True,True,apache-2.0
TheLarkInn,TheLarkInn/docs,2017-08-18T08:52:16Z,0,0,JavaScript,True,True,
TheLarkInn,TheLarkInn/Dollar.swift,2014-06-20T21:34:41Z,1,1,Swift,True,True,mit
TheLarkInn,TheLarkInn/Edge-Enterprise,2021-11-12T18:29:24Z,0,0,PowerShell,True,False,cc-by-4.0
TheLarkInn,TheLarkInn/electron-quick-start,2016-03-31T01:57:26Z,0,0,JavaScript,True,True,cc0-1.0
TheLarkInn,TheLarkInn/electron-react-boilerplate,2016-06-13T18:54:57Z,0,0,JavaScript,True,True,mit
TheLarkInn,TheLarkInn/em-http-request,2014-07-08T14:54:34Z,0,0,,True,True,
TheLarkInn,TheLarkInn/es6-todomvc,2016-05-25T02:19:54Z,1,1,JavaScript,True,True,
TheLarkInn,TheLarkInn/everything-is-a-plugin,2017-03-25T12:26:28Z,144,144,JavaScript,True,True,apache-2.0
TheLarkInn,TheLarkInn/example-vscode-bundled-extension,2018-08-27T19:06:19Z,7,7,JavaScript,True,True,
TheLarkInn,TheLarkInn/example-webpack-loader,2017-08-10T21:22:12Z,12,12,JavaScript,True,True,mit
TheLarkInn,TheLarkInn/experiment-0001,2018-09-13T21:15:53Z,2,2,,True,True,mit
TheLarkInn,TheLarkInn/extract-text-webpack-plugin,2016-04-16T16:10:23Z,0,0,JavaScript,True,True,
TheLarkInn,TheLarkInn/fantasy-birds,2018-04-19T22:33:28Z,0,0,JavaScript,True,True,
TheLarkInn,TheLarkInn/fantasy-helpers,2017-08-25T23:43:19Z,0,0,JavaScript,True,True,
TheLarkInn,TheLarkInn/fast-dna,2018-05-07T16:03:59Z,1,1,TypeScript,True,True,mit
TheLarkInn,TheLarkInn/file-loader,2017-12-05T00:23:32Z,0,0,JavaScript,True,True,mit
TheLarkInn,TheLarkInn/finance.js,2019-02-03T05:55:13Z,5,5,JavaScript,True,True,mit
TheLarkInn,TheLarkInn/financial-arithmeticator,2015-12-15T21:36:30Z,1,1,JavaScript,True,True,
TheLarkInn,TheLarkInn/flow,2016-10-20T22:36:21Z,1,1,OCaml,True,True,other
TheLarkInn,TheLarkInn/Front-End-Checklist,2018-09-10T20:22:16Z,119,119,JavaScript,True,False,cc0-1.0
TheLarkInn,TheLarkInn/gatsby,2016-09-05T18:16:05Z,0,0,JavaScript,True,True,mit
TheLarkInn,TheLarkInn/generator-hottowel,2015-10-13T15:24:50Z,0,0,JavaScript,True,True,
TheLarkInn,TheLarkInn/has-flag,2023-01-18T18:55:35Z,2,2,Rust,True,True,mit
TheLarkInn,TheLarkInn/hiring-without-whiteboards,2017-03-16T03:03:54Z,2,2,,True,False,
TheLarkInn,TheLarkInn/html-webpack-plugin,2016-11-04T17:38:42Z,0,0,JavaScript,True,True,mit
TheLarkInn,TheLarkInn/ics.js,2015-11-18T20:08:32Z,0,0,JavaScript,True,True,
TheLarkInn,TheLarkInn/insight,2017-11-03T07:20:33Z,1,1,JavaScript,True,False,
TheLarkInn,TheLarkInn/intro-to-angular2,2016-03-02T21:04:20Z,0,0,TypeScript,True,True,
TheLarkInn,TheLarkInn/intro.js,2016-04-07T15:46:06Z,1,1,JavaScript,True,True,other
TheLarkInn,TheLarkInn/iPortfolio,2014-05-21T14:57:38Z,1,1,Objective-C,True,True,
TheLarkInn,TheLarkInn/is-docker,2023-01-21T19:43:26Z,5,5,Rust,True,True,mit
TheLarkInn,TheLarkInn/is-interactive,2023-01-21T00:07:06Z,4,4,Rust,True,True,mit
TheLarkInn,TheLarkInn/is-unicode-supported,2023-01-23T00:31:59Z,3,3,Rust,True,True,mit
TheLarkInn,TheLarkInn/is-wsl,2023-01-21T20:22:59Z,10,10,Rust,True,True,mit
TheLarkInn,TheLarkInn/is-wsl-1,2023-01-21T20:25:11Z,0,0,,True,False,mit
TheLarkInn,TheLarkInn/isomorphic-git,2018-05-10T20:38:49Z,1,1,JavaScript,True,True,mit
TheLarkInn,TheLarkInn/Isomorphic-React-Starter,2015-08-21T17:38:25Z,0,0,JavaScript,True,True,
zpao,zpao/actions-test,2019-08-24T16:58:41Z,1,1,Shell,True,True,
zpao,zpao/acts_as_taggable_on_steroids,2009-08-30T23:02:00Z,2,2,Ruby,True,True,mit
zpao,zpao/addon-compatability-reporter,2012-02-18T00:14:11Z,4,4,JavaScript,True,True,
zpao,zpao/addon-sdk,2010-11-29T20:49:38Z,2,2,JavaScript,True,False,
zpao,zpao/adventofcode2018,2018-12-03T04:05:04Z,1,1,HTML,True,True,mit
zpao,zpao/aitc,2012-05-08T21:42:13Z,2,2,JavaScript,True,True,
zpao,zpao/alwaysAsk,2009-12-21T22:51:08Z,9,9,JavaScript,True,True,
zpao,zpao/babel,2015-05-13T17:12:58Z,1,1,JavaScript,True,True,mit
zpao,zpao/babel.github.io,2015-10-29T23:58:34Z,0,0,CSS,True,True,
zpao,zpao/BarTab,2010-03-18T18:11:58Z,1,1,JavaScript,True,True,
zpao,zpao/bistro,2022-06-07T20:29:23Z,0,0,,True,False,mit
zpao,zpao/blarg,2008-04-25T04:40:49Z,3,3,Ruby,True,False,mit
zpao,zpao/boastful,2011-05-29T01:35:15Z,2,2,JavaScript,True,True,other
zpao,zpao/bootstrap,2012-04-02T18:54:49Z,3,3,JavaScript,True,True,other
zpao,zpao/botorch,2019-10-30T18:58:50Z,1,1,,True,False,mit
zpao,zpao/buck,2017-01-10T23:14:54Z,0,0,Java,True,False,apache-2.0
zpao,zpao/building-react-from-scratch,2017-05-08T04:06:21Z,373,373,JavaScript,True,True,
zpao,zpao/bundle-collapser,2014-07-25T16:53:44Z,0,0,,True,True,other
zpao,zpao/captum,2019-10-30T18:25:58Z,0,0,,True,True,bsd-3-clause
zpao,zpao/cdnjs,2013-06-20T22:29:57Z,0,0,JavaScript,True,True,mit
zpao,zpao/CodeMirror,2014-01-30T21:29:47Z,0,0,JavaScript,True,True,mit
zpao,zpao/ColourClockCSS,2011-02-25T22:40:44Z,1,1,,True,True,
zpao,zpao/Command-T,2010-11-02T20:11:09Z,2,2,Ruby,True,False,bsd-2-clause
zpao,zpao/commoner,2013-09-05T18:48:32Z,0,0,JavaScript,True,True,mit
zpao,zpao/core-js,2015-09-04T01:03:09Z,0,0,JavaScript,True,True,mit
zpao,zpao/create-react-app,2016-12-28T00:54:03Z,2,2,JavaScript,True,True,mit
zpao,zpao/docblockr,2017-10-26T17:00:43Z,0,0,JavaScript,True,True,mit
zpao,zpao/Docusaurus,2018-05-07T23:01:17Z,1,1,TypeScript,True,False,mit
zpao,zpao/dotfiles,2010-10-14T17:53:29Z,20,20,Vim Script,True,True,mit
zpao,zpao/dotfiles-old,2009-04-11T04:46:00Z,3,3,VimL,True,True,mit
zpao,zpao/draft-js,2016-02-23T01:33:01Z,1,1,JavaScript,True,True,mit
zpao,zpao/emitter,2015-02-17T22:53:35Z,0,0,JavaScript,True,True,apache-2.0
zpao,zpao/Epoch-Timeline,2009-08-18T17:12:09Z,1,1,JavaScript,True,True,
zpao,zpao/eslint,2015-07-16T18:45:57Z,0,0,JavaScript,True,False,other
zpao,zpao/eslint-plugin-flowtype,2019-05-06T23:43:07Z,0,0,JavaScript,True,False,other
zpao,zpao/eslint-plugin-react,2017-08-21T21:36:34Z,1,1,JavaScript,True,True,mit
zpao,zpao/eslint.github.io,2015-02-25T23:57:56Z,0,0,JavaScript,True,True,mit
zpao,zpao/espree,2015-03-18T21:52:08Z,0,0,JavaScript,True,True,bsd-2-clause
zpao,zpao/esprima,2014-05-02T23:51:45Z,0,0,JavaScript,True,False,bsd-2-clause
zpao,zpao/expo-docs,2018-05-20T22:33:31Z,0,0,JavaScript,True,True,mit
zpao,zpao/express-react-views,2015-05-21T17:07:10Z,0,0,JavaScript,True,True,other
zpao,zpao/facebook-360-spatial-workstation,2020-05-08T05:09:11Z,0,0,,True,False,cc-by-4.0
zpao,zpao/facebook-sdk-for-unity,2022-04-08T17:30:21Z,0,0,,True,True,other
zpao,zpao/fast-export,2011-11-30T18:36:50Z,3,3,Python,True,True,
zpao,zpao/fbjs,2015-06-19T19:19:37Z,0,0,JavaScript,True,True,
zpao,zpao/fbshipit,2018-10-01T23:10:08Z,0,0,Hack,True,False,other
zpao,zpao/firefox-ios,2016-03-24T18:07:10Z,0,0,C,True,True,mpl-2.0
zpao,zpao/fixed-data-table,2015-10-26T20:42:59Z,0,0,JavaScript,True,True,other
zpao,zpao/flow,2015-03-24T18:56:37Z,1,1,OCaml,True,True,mit
zpao,zpao/flow-bin,2016-04-14T20:02:18Z,0,0,JavaScript,True,False,other
zpao,zpao/fluffy-octo-adventure,2019-01-29T00:23:01Z,0,0,,True,True,
zpao,zpao/flux,2014-07-28T19:03:11Z,0,0,,True,True,other
zpao,zpao/friendly-garbanzo,2017-05-30T21:41:40Z,0,0,,True,True,
zpao,zpao/getbacktowork,2011-10-20T18:07:30Z,1,1,,True,True,wtfpl
zpao,zpao/gitdm,2019-02-20T20:11:09Z,0,0,Ruby,True,True,
zpao,zpao/graphql.github.io,2015-09-28T19:41:55Z,0,0,JavaScript,True,True,other
zpao,zpao/greasemonkey,2010-02-06T23:20:44Z,2,2,JavaScript,True,False,other
zpao,zpao/grunt-compare-size,2013-09-12T01:20:35Z,0,0,JavaScript,True,True,mit
zpao,zpao/grunt-jest,2015-03-01T19:24:44Z,0,0,JavaScript,True,True,
zpao,zpao/gulp,2015-08-12T04:22:06Z,0,0,JavaScript,True,False,mit
zpao,zpao/hexo-renderer-react,2015-08-11T07:27:30Z,7,7,JavaScript,True,True,isc
zpao,zpao/homebrew-alt,2012-01-11T18:47:44Z,3,3,Ruby,True,True,
zpao,zpao/hypertheme,2016-07-16T06:42:19Z,44,44,JavaScript,True,True,mit
zpao,zpao/icontrol,2018-12-28T19:37:43Z,0,0,JavaScript,True,True,mit
zpao,zpao/idb,2020-10-14T21:35:05Z,0,0,,True,True,mit
zpao,zpao/immutable-js,2018-07-25T23:25:41Z,1,1,JavaScript,True,True,mit
zpao,zpao/jekyll,2011-11-22T03:00:11Z,2,2,Ruby,True,True,mit
zpao,zpao/jest,2014-06-28T20:30:11Z,0,0,JavaScript,True,True,other
zpao,zpao/jquery,2010-01-24T02:22:00Z,1,1,JavaScript,True,False,gpl-2.0
zpao,zpao/js-request-experiment,2011-03-17T21:10:48Z,1,1,JavaScript,True,True,
zpao,zpao/jscodeshift,2022-10-06T22:26:42Z,0,0,,True,True,mit
zpao,zpao/jsdelivr,2014-03-21T22:39:17Z,0,0,JavaScript,True,True,
zpao,zpao/jsdom,2015-01-21T20:49:20Z,0,0,JavaScript,True,True,mit
zpao,zpao/jsfiddle-test,2014-12-02T00:23:48Z,0,0,JavaScript,True,True,
zpao,zpao/jshint,2011-06-24T23:28:01Z,1,1,JavaScript,True,True,
zpao,zpao/jsonpp,2011-12-07T00:48:50Z,3,3,JavaScript,True,True,mit
zpao,zpao/jstransform,2013-09-23T19:47:55Z,0,0,JavaScript,True,True,apache-2.0
zpao,zpao/jsx-loader,2014-04-22T20:46:44Z,0,0,JavaScript,True,True,
zpao,zpao/jsx-transformer-service,2013-08-10T05:46:49Z,0,0,JavaScript,True,True,
zpao,zpao/labs-test-merge,2018-05-07T22:00:57Z,0,0,,True,True,
zpao,zpao/laughing-tribble,2017-12-06T01:30:12Z,0,0,,True,True,
zpao,zpao/lexical,2023-10-03T19:20:00Z,0,0,,True,True,mit
zpao,zpao/lodash-cli,2013-10-19T20:37:35Z,0,0,JavaScript,True,True,mit
zpao,zpao/manage-issue-subscribers,2019-09-14T17:23:42Z,0,0,TypeScript,True,True,mit
zpao,zpao/mapillary-python-sdk,2021-10-06T23:06:52Z,0,0,,True,False,mit
zpao,zpao/MeetingBar,2024-01-21T22:09:31Z,1,1,,True,True,apache-2.0
zpao,zpao/mozilla-central,2012-03-30T18:27:53Z,3,3,C++,True,True,other
zpao,zpao/mozilla-hubot-scripts,2011-12-22T19:38:20Z,4,4,CoffeeScript,True,True,
zpao,zpao/mozilla-scripts,2011-09-08T17:57:12Z,2,2,JavaScript,True,True,
zpao,zpao/mysql-5.6,2018-02-08T22:53:15Z,0,0,C++,True,True,gpl-2.0
zpao,zpao/native-ui,2016-03-01T22:05:22Z,0,0,CSS,True,False,
zpao,zpao/netconsd,2024-03-05T19:52:08Z,1,1,,True,False,bsd-3-clause
zpao,zpao/next.js,2017-07-08T21:39:06Z,1,1,JavaScript,True,True,mit
zpao,zpao/node-haste,2013-08-26T18:48:03Z,0,0,JavaScript,True,True,apache-2.0
zpao,zpao/NOFS,2012-08-15T04:53:35Z,1,1,,True,True,mit
zpao,zpao/nomnom,2014-09-23T17:02:53Z,1,1,,True,True,mit
zpao,zpao/notAMasterPassword,2011-11-29T01:05:04Z,1,1,JavaScript,True,True,mit
zpao,zpao/now-examples,2019-06-05T19:31:32Z,0,0,JavaScript,True,False,
zpao,zpao/nuclide,2018-03-26T17:01:28Z,0,0,JavaScript,True,True,other
zpao,zpao/object-introspection,2023-09-21T19:22:27Z,1,1,,True,False,apache-2.0
